Topic_ID,Source title,n_docs
0,Acta Medica Portuguesa,6
0,Applied Sciences (Switzerland),5
0,Rheumatology,4
0,Joint Bone Spine,3
0,Jornal Brasileiro de Pneumologia,3
0,Proceedings of the International Group for the Psychology of Mathematics Education,3
0,REHABEND,3
0,Animals,2
0,Biological Conservation,2
0,Cidades,2
0,Conservation Biology,2
0,Frontiers in Marine Science,2
0,IEEE Microwave Magazine,2
0,International Journal of Rheumatic Diseases,2
0,Internet Technology Letters,2
0,Journal of Rheumatology,2
0,"Lecture Notes of the Institute for Computer Sciences, Social-Informatics and Telecommunications Engineering, LNICST",2
0,New Disease Reports,2
0,Osteoporosis International,2
0,Rheumatology Advances in Practice,2
0,ACS ES and T Water,1
0,AIP Conference Proceedings,1
0,Agora - Estudos Classicos em Debate,1
0,Anaesthesia,1
0,Anatolia,1
0,Annales des Telecommunications/Annals of Telecommunications,1
0,Annals of Forest Science,1
0,Antioxidants,1
0,Biomedicines,1
0,Breathe,1
0,Bulletin of the American Meteorological Society,1
0,Carbohydrate Polymers,1
0,Ciencia da Informacao,1
0,Classical and Quantum Gravity,1
0,Communications in Computer and Information Science,1
0,"Drawing: Research, Theory, Practice",1
0,Ecology,1
0,Ensaio,1
0,Entropy,1
0,Environmental Research Letters,1
0,Environmental Science and Technology,1
0,Environmental Science: Nano,1
0,Estudos em Comunicacao,1
0,European Journal of Anaesthesiology,1
0,European Respiratory Journal,1
0,Expert Systems,1
0,Food Research International,1
0,Frontiers in Digital Health,1
0,Frontiers in Energy Research,1
0,Frontiers in Future Transportation,1
0,Frontiers in Genetics,1
0,Frontiers in Human Neuroscience,1
0,General Relativity and Gravitation,1
0,Geosciences (Switzerland),1
0,Herpetological Bulletin,1
0,Histochemistry and Cell Biology,1
0,Hypertension Research,1
0,"IEEE International Conference on Autonomous Robot Systems and Competitions, ICARSC",1
0,IEEE Transactions on Industrial Informatics,1
0,IEEE Transactions on Microwave Theory and Techniques,1
0,IET Networks,1
0,IET Optoelectronics,1
0,"Iberian Conference on Information Systems and Technologies, CISTI",1
0,International Journal of Environmental Research and Public Health,1
0,International Journal of Molecular Sciences,1
0,International Journal of Tuberculosis and Lung Disease,1
0,International Review on Public and Nonprofit Marketing,1
0,Journal of Biogeography,1
0,Journal of Cleaner Production,1
0,Journal of Environmental Psychology,1
0,Journal of Investigational Allergology and Clinical Immunology,1
0,Journal of Sensor and Actuator Networks,1
0,Journal of South American Earth Sciences,1
0,Journal of the American Chemical Society,1
0,Lecture Notes in Computer Science,1
0,Lecture Notes in Networks and Systems,1
0,Leukemia and Lymphoma,1
0,Marine Mammal Science,1
0,Mathematical Methods in the Applied Sciences,1
0,Microorganisms,1
0,Nature,1
0,Nature Ecology and Evolution,1
0,Nature Human Behaviour,1
0,Nature-Based Solutions,1
0,New Trends in Qualitative Research,1
0,Oido Pensante,1
0,OpenAccess Series in Informatics,1
0,Operator Theory: Advances and Applications,1
0,Physica Status Solidi (A) Applications and Materials Science,1
0,Portuguese Journal of Pediatrics,1
0,Portuguese Journal of Public Health,1
0,Praxis Educativa,1
0,Pulmonology,1
0,Revista Brasileira de Enfermagem,1
0,Revista Contabilidade e Financas,1
0,Revista Lusofona de Educacao,1
0,Robotics and Autonomous Systems,1
0,Science of the Total Environment,1
0,Seminars in Arthritis and Rheumatism,1
0,Sensors,1
0,Sustainability (Switzerland),1
0,Sustainable Water Resources Management,1
0,Transport in Porous Media,1
0,Trends in Mathematics,1
0,Vascular Health and Risk Management,1
0,Water (Switzerland),1
0,X-Ray Spectrometry,1
1,Journal of Alloys and Compounds,7
1,Nanomaterials,6
1,Applied Sciences (Switzerland),5
1,Journal of Molecular Structure,5
1,Materials,5
1,New Journal of Chemistry,5
1,Science of the Total Environment,5
1,Chemical Engineering Journal,4
1,Environmental Pollution,4
1,European Journal of Inorganic Chemistry,4
1,Inorganic Chemistry,4
1,Journal of Luminescence,4
1,Journal of Materials Chemistry C,4
1,Scientific Reports,4
1,Applied Physics A: Materials Science and Processing,3
1,Catalysis Today,3
1,Catalysts,3
1,Dalton Transactions,3
1,Dyes and Pigments,3
1,International Journal of Molecular Sciences,3
1,Journal of Molecular Liquids,3
1,Lithos,3
1,Separation and Purification Technology,3
1,ACS Applied Nano Materials,2
1,ACS Omega,2
1,Applied Materials Today,2
1,Applied Organometallic Chemistry,2
1,Applied Physics Letters,2
1,Atmosphere,2
1,Carbohydrate Polymers,2
1,Ceramica,2
1,Ceramics International,2
1,Chemosphere,2
1,Energies,2
1,Environmental Science and Pollution Research,2
1,Gondwana Research,2
1,Inorganic Chemistry Frontiers,2
1,Inorganica Chimica Acta,2
1,International Journal of Hydrogen Energy,2
1,Journal of Algebra,2
1,Journal of Hazardous Materials,2
1,Journal of High Energy Physics,2
1,Journal of Magnetism and Magnetic Materials,2
1,Journal of Photochemistry and Photobiology A: Chemistry,2
1,Lecture Notes in Computer Science,2
1,Magnetochemistry,2
1,Materials Research,2
1,Materials Science and Engineering: B,2
1,Micromachines,2
1,Minerals,2
1,Optical Materials,2
1,Organometallics,2
1,Physica Status Solidi - Rapid Research Letters,2
1,Renewable Energy,2
1,Solar RRL,2
1,Spectrochimica Acta - Part A: Molecular and Biomolecular Spectroscopy,2
1,Sustainability (Switzerland),2
1,ACS Applied Materials and Interfaces,1
1,ACS Nano,1
1,ACS Sensors,1
1,Acta Materialia,1
1,Advanced Functional Materials,1
1,Advanced Materials Interfaces,1
1,Advanced Optical Materials,1
1,Advanced Science,1
1,Advanced Sustainable Systems,1
1,Advanced Synthesis and Catalysis,1
1,Agronomy,1
1,"Air Quality, Atmosphere and Health",1
1,Applied Energy,1
1,Applied Microbiology and Biotechnology,1
1,Applied Surface Science,1
1,Archives of Environmental Contamination and Toxicology,1
1,Art of Discrete and Applied Mathematics,1
1,Atmospheric Environment,1
1,Atmospheric Pollution Research,1
1,Atmospheric Research,1
1,Batteries,1
1,Biochimie,1
1,Biomass and Bioenergy,1
1,Brazilian Journal of Geology,1
1,Bulletin of Environmental Contamination and Toxicology,1
1,Carbon,1
1,Cell Reports Physical Science,1
1,Cement and Concrete Composites,1
1,ChemCatChem,1
1,ChemPhysChem,1
1,Chemical Physics Letters,1
1,Chemistry of Materials,1
1,ChemistryOpen,1
1,Chinese Journal of Luminescence,1
1,Chinese Physics C,1
1,Colloids and Surfaces A: Physicochemical and Engineering Aspects,1
1,Communications Chemistry,1
1,Comunicacoes Geologicas,1
1,Corrosion Science,1
1,Corrosion and Materials Degradation,1
1,Crystals,1
1,Economic Geology,1
1,Ecotoxicology and Environmental Safety,1
1,Electrochimica Acta,1
1,Energy Conversion and Management,1
1,Environmental Science and Technology,1
1,Environmental Science: Advances,1
1,Environmental Science: Nano,1
1,Environmental Technology and Innovation,1
1,Environmental Toxicology and Pharmacology,1
1,Environments - MDPI,1
1,"Estuarine, Coastal and Shelf Science",1
1,European Physical Journal C,1
1,European Physical Journal Plus,1
1,Frontiers in Chemistry,1
1,Geochemistry,1
1,Geology,1
1,IEEE Journal of Photovoltaics,1
1,IEEE MTT-S International Microwave Symposium Digest,1
1,Industrial and Engineering Chemistry Research,1
1,Inorganics,1
1,International Journal of Antimicrobial Agents,1
1,International Journal of Biochemistry and Cell Biology,1
1,International Journal of Energy Research,1
1,JPhys Materials,1
1,Journal of Biological Inorganic Chemistry,1
1,Journal of Building Engineering,1
1,Journal of CO2 Utilization,1
1,Journal of Computational Chemistry,1
1,Journal of Functional Analysis,1
1,Journal of Inorganic and Organometallic Polymers and Materials,1
1,Journal of Manufacturing and Materials Processing,1
1,Journal of Materials Science: Materials in Electronics,1
1,Journal of Mathematical Analysis and Applications,1
1,Journal of Molecular Modeling,1
1,Journal of Organic Chemistry,1
1,Journal of Organometallic Chemistry,1
1,Journal of Physical Chemistry C,1
1,Journal of Physics and Chemistry of Solids,1
1,Journal of Power Sources,1
1,Journal of Rare Earths,1
1,Journal of Sol-Gel Science and Technology,1
1,Journal of Solid State Chemistry,1
1,Journal of Solid State Electrochemistry,1
1,Journal of South American Earth Sciences,1
1,Journal of Supercritical Fluids,1
1,Journal of Volcanology and Geothermal Research,1
1,Journal of the American Ceramic Society,1
1,Journal of the American Chemical Society,1
1,Journal of the Geological Survey of Brazil,1
1,Journal of the Mechanical Behavior of Biomedical Materials,1
1,Laser and Photonics Reviews,1
1,Macromolecular Materials and Engineering,1
1,Match,1
1,Materialia,1
1,Materials Chemistry and Physics,1
1,Materials Science and Engineering: A,1
1,Materials Science in Semiconductor Processing,1
1,Materials Today Nano,1
1,Materials for Quantum Technology,1
1,Measurement Science and Technology,1
1,Metabolites,1
1,Microporous and Mesoporous Materials,1
1,Molecular Catalysis,1
1,Molecules,1
1,NATO Science for Peace and Security Series B: Physics and Biophysics,1
1,Nanoscale,1
1,Nanoscale Advances,1
1,Next Nanotechnology,1
1,Nuclear Physics B,1
1,Nutrition Bulletin,1
1,Optical Materials: X,1
1,Optik,1
1,PLOS ONE,1
1,Pharmaceutics,1
1,Physica B: Condensed Matter,1
1,Physical Chemistry Chemical Physics,1
1,Planetary and Space Science,1
1,Plasma Processes and Polymers,1
1,Polymer,1
1,Polymer Bulletin,1
1,Progress in Electromagnetics Research B,1
1,RSC Advances,1
1,Reactions,1
1,Revista Portuguesa de Cardiologia,1
1,Surface and Coatings Technology,1
1,Thin Solid Films,1
1,Transport in Porous Media,1
1,Universe,1
1,Urban Climate,1
1,Waste Management,1
1,Water (Switzerland),1
1,Water Research,1
2,Journal of Tourism and Development,48
2,"Iberian Conference on Information Systems and Technologies, CISTI",32
2,Sustainability (Switzerland),31
2,"Smart Innovation, Systems and Technologies",23
2,Administrative Sciences,16
2,Springer Series in Design and Innovation,16
2,Applied Sciences (Switzerland),11
2,RISTI - Revista Iberica de Sistemas e Tecnologias de Informacao,11
2,Lecture Notes in Networks and Systems,10
2,Lecture Notes in Computer Science,8
2,New Trends in Qualitative Research,8
2,Journal of Cleaner Production,7
2,Procedia Computer Science,7
2,Lecture Notes in Mechanical Engineering,6
2,Communications in Computer and Information Science,5
2,Cuadernos de Gestion,5
2,Economies,5
2,Logistics,5
2,Springer Proceedings in Business and Economics,5
2,Comunicacao e Sociedade,4
2,Expert Systems,4
2,IBIMA Business Review,4
2,Land,4
2,Observatorio,4
2,ACM International Conference Proceeding Series,3
2,Analise Social,3
2,Animals,3
2,Biofuels,3
2,CEUR Workshop Proceedings,3
2,Ciencia e Saude Coletiva,3
2,Cogent Business and Management,3
2,Diacritica,3
2,E-Revista de Estudos Interculturais,3
2,Energy Reports,3
2,Environmental Science and Pollution Research,3
2,Frontiers in Marine Science,3
2,Information (Switzerland),3
2,International Journal of Accounting and Information Management,3
2,Journal of Risk and Financial Management,3
2,"Lecture Notes of the Institute for Computer Sciences, Social-Informatics and Telecommunications Engineering, LNICST",3
2,"Proceedings of the European Conference on Knowledge Management, ECKM",3
2,Proceedings of the European Conference on Research Methods in Business and Management Studies,3
2,Proceedings of the International Conference on Tourism Research,3
2,Results in Engineering,3
2,Revista Portuguesa de Estudos Regionais,3
2,AIMS Energy,2
2,Advances in Intelligent Systems and Computing,2
2,"Advances in Science, Technology and Innovation",2
2,Anais da Academia Brasileira de Ciencias,2
2,Behavioral Sciences,2
2,Biblos,2
2,Business: Theory and Practice,2
2,Cidades,2
2,Clean Technologies,2
2,Data in Brief,2
2,EAI/Springer Innovations in Communication and Computing,2
2,Energies,2
2,"Environment, Development and Sustainability",2
2,Environmental Science and Policy,2
2,European Journal of Tourism Research,2
2,Finisterra,2
2,Fire,2
2,Future Transportation,2
2,ICES Journal of Marine Science,2
2,IEEE Access,2
2,IFIP Advances in Information and Communication Technology,2
2,International Conference on Quality Engineering and Management,2
2,International Journal for Quality Research,2
2,International Journal of Industrial Engineering and Management,2
2,International Journal of Lean Six Sigma,2
2,International Journal of Organizational Analysis,2
2,International Journal of Quality and Reliability Management,2
2,International Journal of Tourism Cities,2
2,International Journal of Tourism Research,2
2,Janus.net,2
2,Journal of Building Engineering,2
2,Journal of Family Business Management,2
2,"Journal of Open Innovation: Technology, Market, and Complexity",2
2,Journal of Theoretical and Applied Electronic Commerce Research,2
2,Knowledge and Process Management,2
2,Managerial Finance,2
2,Marine Policy,2
2,Molecules,2
2,One Health,2
2,Per Musi,2
2,Recycling,2
2,Resources,2
2,Revista Brasileira de Pesquisa em Turismo,2
2,"Revista de Estudos Constitucionais, Hermeneutica e Teoria do Direito",2
2,Science of the Total Environment,2
2,Sensors,2
2,Springer Proceedings in Mathematics and Statistics,2
2,"Studies in Systems, Decision and Control",2
2,Sustainable Development,2
2,Systems,2
2,Tourism Review,2
2,Tourism and Hospitality Research,2
2,VISUAL Review. International Visual Culture Review / Revista Internacional de Cultura,2
2,AIP Conference Proceedings,1
2,Acta Materialia,1
2,Acta Poetica,1
2,Advances in Industrial and Manufacturing Engineering,1
2,Agricultural and Food Economics,1
2,Agriculture (Switzerland),1
2,Agroforestry Systems,1
2,Ambio,1
2,Analise Psicologica,1
2,Anatolia,1
2,Angewandte Chemie - International Edition,1
2,Animal,1
2,Annals of Forest Science,1
2,Anthropology of Work Review,1
2,Apidologie,1
2,Applied Economics Letters,1
2,Archives of Computational Methods in Engineering,1
2,Astronomy and Astrophysics,1
2,Atas da Conferencia da Associacao Portuguesa de Sistemas de Informacao,1
2,AtoZ,1
2,Autophagy,1
2,BAR - Brazilian Administration Review,1
2,Behavioural Processes,1
2,Biological Conservation,1
2,Bone Reports,1
2,Bookbird: Journal of International Children's Literature,1
2,Brazilian Journal of International Law,1
2,Brazilian Journalism Research,1
2,British Food Journal,1
2,Buildings,1
2,Business Systems Research,1
2,"CFI, Ceramic Forum International/Berichte der DKG (Deutsche Keramische Gesellschaft)",1
2,"CSR, Sustainability, Ethics and Governance",1
2,Cadernos de Traducao,1
2,Carbohydrate Polymers,1
2,Color Research and Application,1
2,Comparative European Politics,1
2,Computers,1
2,Computers and Graphics,1
2,Construction and Building Materials,1
2,Contributions to Finance and Accounting,1
2,Corporate Governance (Bingley),1
2,Current Issues in Tourism,1
2,Current Sustainable/Renewable Energy Reports,1
2,DELTA Documentacao de Estudos em Linguistica Teorica e Aplicada,1
2,Data,1
2,Database : the journal of biological databases and curation,1
2,Digital Scholarship in the Humanities,1
2,Discursos Fotograficos,1
2,Early Science and Medicine,1
2,"Economia, Sociedad y Territorio",1
2,Economic Modelling,1
2,Eidos: A Journal for Philosophy of Culture,1
2,Electronic Journal of Business Research Methods,1
2,Electronics (Switzerland),1
2,Encontros Bibli,1
2,Encyclopedia,1
2,"Energy Sources, Part B: Economics, Planning and Policy",1
2,Energy and Fuels,1
2,Engineering Economics,1
2,Engineering Management in Production and Services,1
2,Engineering Materials,1
2,Entropy,1
2,Environmental Sciences Europe,1
2,Estudios Gerenciales,1
2,Estudios de Teoria Literaria,1
2,Estudos de Linguistica Galega,1
2,Estudos em Comunicacao,1
2,Etudes Romanes de Brno,1
2,European Countryside,1
2,European Journal of Plastic Surgery,1
2,European Journal of Training and Development,1
2,European Planning Studies,1
2,Evolution: Education and Outreach,1
2,Filosofia Unisinos,1
2,"Food, Culture and Society",1
2,Foods,1
2,Forests,1
2,Fronteiras,1
2,Frontiers in Communication,1
2,Frontiers in Forests and Global Change,1
2,Frontiers in Microbiology,1
2,Frontiers in Psychology,1
2,Frontiers in Public Health,1
2,Frontiers in Sustainability,1
2,Frontiers in Sustainable Food Systems,1
2,Fuel,1
2,Future Internet,1
2,Geoheritage,1
2,Gestao e Producao,1
2,Global Environmental Change,1
2,Green Chemistry,1
2,Green Energy and Technology,1
2,Green Finance,1
2,Health Research Policy and Systems,1
2,Heliyon,1
2,Human Behavior and Emerging Technologies,1
2,Human Performance,1
2,Humanitas,1
2,Humanities and Social Sciences Communications,1
2,Hydrobiologia,1
2,IFAC-PapersOnLine,1
2,Industrial and Commercial Training,1
2,Information Technology and Tourism,1
2,Infrastructures,1
2,Innovation and Management Review,1
2,Innovative Infrastructure Solutions,1
2,Interactive Learning Environments,1
2,"International Conference on Information and Communication Technologies for Ageing Well and e-Health, ICT4AWE - Proceedings",1
2,"International Conference on the European Energy Market, EEM",1
2,International Journal of Bank Marketing,1
2,International Journal of Business and Society,1
2,International Journal of Communication,1
2,International Journal of Consumer Studies,1
2,International Journal of Entrepreneurial Behaviour and Research,1
2,International Journal of Environment and Waste Management,1
2,International Journal of Event and Festival Management,1
2,International Journal of Financial Studies,1
2,International Journal of Innovation Studies,1
2,International Journal of Innovation and Technology Management,1
2,International Journal of Logistics Management,1
2,International Journal of Managing Projects in Business,1
2,International Journal of Operational Research,1
2,International Journal of Retail and Distribution Management,1
2,International Journal of Services Technology and Management,1
2,International Journal of Services and Operations Management,1
2,International Journal of Social Economics,1
2,International Journal of Wine Business Research,1
2,International Studies in Entrepreneurship,1
2,Inzynieria Ekologiczna,1
2,Itinerarios,1
2,Journal of Applied Physics,1
2,Journal of Behavioral and Experimental Economics,1
2,Journal of Business and Industrial Marketing,1
2,Journal of Cheminformatics,1
2,Journal of Clinical Epidemiology,1
2,Journal of Creative Communications,1
2,Journal of Economic Studies,1
2,Journal of Engineering Research (Kuwait),1
2,Journal of Entrepreneurship and Public Policy,1
2,Journal of Environmental Management,1
2,Journal of Financial Counseling and Planning,1
2,Journal of Hospitality and Tourism Insights,1
2,Journal of Hospitality and Tourism Research,1
2,Journal of LGBTQ Issues in Counseling,1
2,Journal of Manufacturing Processes,1
2,Journal of Material Cycles and Waste Management,1
2,Journal of Organizational Change Management,1
2,Journal of Philanthropy and Marketing,1
2,Journal of Physics Condensed Matter,1
2,Journal of Place Management and Development,1
2,"Journal of Policy Research in Tourism, Leisure and Events",1
2,Journal of Productivity Analysis,1
2,"Journal of Public Budgeting, Accounting and Financial Management",1
2,Journal of Science and Technology Policy Management,1
2,Journal of Sensory Studies,1
2,Journal of Small Business Strategy,1
2,Journal of Vacation Marketing,1
2,Journal of the International Council for Small Business,1
2,Journal of the Knowledge Economy,1
2,Key Engineering Materials,1
2,Latin American Policy,1
2,Learning and Analytics in Intelligent Systems,1
2,Lecture Notes in Civil Engineering,1
2,Lecture Notes in Electrical Engineering,1
2,Linear Algebra and Its Applications,1
2,Local Environment,1
2,Lublin Studies in Modern Languages and Literature,1
2,Management Research,1
2,Management Review Quarterly,1
2,Managerial and Decision Economics,1
2,Materials,1
2,Media e Jornalismo,1
2,Medical Humanities,1
2,Multimedia Tools and Applications,1
2,Nature,1
2,Nau Literaria,1
2,Neural Computing and Applications,1
2,Novum Jus,1
2,Operational Research,1
2,PASOS Revista de Turismo y Patrimonio Cultural,1
2,Palgrave Studies in Sub-National Governance,1
2,PeerJ Computer Science,1
2,Physical Chemistry Chemical Physics,1
2,Physical Review E,1
2,Polymers,1
2,Portuguese Journal of Social Science,1
2,Praksis,1
2,Problems and Perspectives in Management,1
2,Procedia CIRP,1
2,Proceedings of Electronic Lexicography in the 21st Century Conference,1
2,"Proceedings of the European Conference on Management, Leadership and Governance",1
2,Proceedings of the International Conference on Gender Research,1
2,Processes,1
2,Production,1
2,Production Planning and Control,1
2,Project Leadership and Society,1
2,Public Money and Management,1
2,Quaderns de Filologia: Estudis Linguistics,1
2,Quality - Access to Success,1
2,Quality Innovation Prosperity,1
2,Rassegna Iberistica,1
2,Relacoes Internacionais no Mundo Atual,1
2,Renewable Energy,1
2,Res Mobilis,1
2,Review of Industrial Organization,1
2,Reviews in Fish Biology and Fisheries,1
2,Reviews in Fisheries Science and Aquaculture,1
2,Revista Brasileira de Alternative Dispute Resolution,1
2,Revista Brasileira de Marketing,1
2,Revista Brasileira de Seguranca Publica,1
2,Revista Contabilidade e Financas,1
2,Revista Digital de Biblioteconomia e Ciencia da Informacao,1
2,Revista Eletronica de Direito Processual,1
2,Revista Enfermagem,1
2,Revista Iberoamericana de Viticultura Agroindustria y Ruralidad,1
2,Revista Internacional de Linguistica Iberoamericana,1
2,Revista Opiniao Juridica,1
2,Revista de Administracao Contemporanea,1
2,Revista de Administracao Publica,1
2,Revista de Direito,1
2,"Revista de Direito, Estado e Telecomunicacoes",1
2,Revista de Filologia Romanica,1
2,Revista de Historia (Brazil),1
2,Revista de Sociologia e Politica,1
2,Revue Romane,1
2,Romanica Cracoviensia,1
2,"Rotura: Journal of Communication, Culture and Arts",1
2,SN Business and Economics,1
2,Saude e Sociedade,1
2,Scientific Reports,1
2,Separation and Purification Technology,1
2,Smart Cities,1
2,Social Enterprise Journal,1
2,Social Sciences,1
2,Sociedade e Estado,1
2,"Sociologia, Problemas e Praticas",1
2,South African Journal of Accounting Research,1
2,Sports,1
2,Springer Geography,1
2,Springer Series on Demographic Methods and Population Analysis,1
2,Studia Romanica et Anglica Zagrabiensia,1
2,Sustainability Science,1
2,Sustainable Chemistry and Pharmacy,1
2,Sustainable Production and Consumption,1
2,Tejuelo. Didactica de la Lengua y la Literatura. Educacion,1
2,Tempo Psicanalitico,1
2,Thunderbird International Business Review,1
2,Total Quality Management and Business Excellence,1
2,Tourism Management Perspectives,1
2,Tourism Recreation Research,1
2,Tourism Review International,1
2,Tourism and Hospitality,1
2,Tourism and Hospitality Management,1
2,Tourism and Management Studies,1
2,Town Planning Review,1
2,Transportation Research Procedia,1
2,Trends in Food Science and Technology,1
2,Urban Research and Practice,1
2,Urban Science,1
2,Urbe,1
2,Utilities Policy,1
2,Veredas,1
2,Voluntas,1
2,Waste Management and Research,1
2,Wine Economics and Policy,1
2,Work,1
2,World Sustainability Series,1
2,Worldwide Hospitality and Tourism Themes,1
2,e-Review of Tourism Research,1
3,IEEE Access,31
3,IEEE Sensors Journal,22
3,Sensors,20
3,IEEE Transactions on Microwave Theory and Techniques,17
3,IEEE MTT-S International Microwave Symposium Digest,10
3,"IEEE Radio and Wireless Symposium, RWS",9
3,Optical Fiber Technology,9
3,Energies,8
3,IEEE Journal of Microwaves,8
3,IEEE Wireless Communications Letters,8
3,Lecture Notes in Computer Science,7
3,Materials,7
3,Proceedings of SPIE - The International Society for Optical Engineering,7
3,Scientific Reports,7
3,AP-S International Symposium (Digest) (IEEE Antennas and Propagation Society),6
3,IEEE Microwave and Wireless Components Letters,6
3,IET Optoelectronics,6
3,Photonics,6
3,"Proceedings of the International Astronautical Congress, IAC",6
3,fib Symposium,6
3,Advanced Materials,5
3,Digital Signal Processing: A Review Journal,5
3,IEEE Communications Letters,5
3,IEEE Transactions on Vehicular Technology,5
3,International Conference on Transparent Optical Networks,5
3,Journal of Instrumentation,5
3,Journal of Lightwave Technology,5
3,AIP Conference Proceedings,4
3,Animals,4
3,Applied Sciences (Switzerland),4
3,Astronomy and Astrophysics,4
3,European Physical Journal C,4
3,IEEE Microwave Magazine,4
3,Journal of High Energy Physics,4
3,Lecture Notes in Networks and Systems,4
3,Mathematics,4
3,Nanoscale,4
3,Optics Express,4
3,Optics Letters,4
3,Physical Review B,4
3,"Proceedings of the International Conference on Electromagnetics in Advanced Applications, ICEAA",4
3,Advanced Functional Materials,3
3,Buildings,3
3,Carbon,3
3,Crystals,3
3,Electronics (Switzerland),3
3,Energy,3
3,Fractal and Fractional,3
3,IEEE Journal of Radio Frequency Identification,3
3,IEEE Microwave and Wireless Technology Letters,3
3,IEEE Open Journal of Vehicular Technology,3
3,IEEE Photonics Technology Letters,3
3,IEEE Transactions on Communications,3
3,IEEE Vehicular Technology Conference,3
3,Journal of Materials Chemistry C,3
3,Journal of Mathematical Analysis and Applications,3
3,Linear Algebra and Its Applications,3
3,Monthly Notices of the Royal Astronomical Society,3
3,Numerical Algorithms,3
3,Optics Communications,3
3,Optics and Laser Technology,3
3,Remote Sensing,3
3,Renewable Energy,3
3,Transport in Porous Media,3
3,ACS Applied Energy Materials,2
3,ACS Applied Materials and Interfaces,2
3,Advanced Materials Interfaces,2
3,Advances in Intelligent Systems and Computing,2
3,Advances in Operator Theory,2
3,Analysis and Mathematical Physics,2
3,Applied Materials Today,2
3,Astrophysical Journal,2
3,BioResources,2
3,Brain Sciences,2
3,Chaos,2
3,Chemistry - A European Journal,2
3,Communications in Computer and Information Science,2
3,Composite Structures,2
3,Conference Record - International Conference on Communications,2
3,Conference Record of the IEEE Photovoltaic Specialists Conference,2
3,Construction and Building Materials,2
3,Contemporary Mathematics,2
3,Energy and Buildings,2
3,IECON Proceedings (Industrial Electronics Conference),2
3,IEEE Journal of Photovoltaics,2
3,Information (Switzerland),2
3,JPhys Energy,2
3,Journal of Experimental Orthopaedics,2
3,Journal of Marine Science and Engineering,2
3,Journal of Physical Chemistry Letters,2
3,Journal of Physics D: Applied Physics,2
3,Journal of Physics: Conference Series,2
3,Journal of the Franklin Institute,2
3,Lecture Notes in Bioengineering,2
3,Materials Letters,2
3,Metals,2
3,Nature Communications,2
3,"Nuclear Instruments and Methods in Physics Research, Section A: Accelerators, Spectrometers, Detectors and Associated Equipment",2
3,Photonics Research,2
3,Physical Chemistry Chemical Physics,2
3,Physical Review Applied,2
3,Physical Review Letters,2
3,Procedia Computer Science,2
3,"Proceedings of the IEEE-APS Topical Conference on Antennas and Propagation in Wireless Communications, APWC",2
3,Thermal Science and Engineering Progress,2
3,WSEAS Transactions on Mathematics,2
3,Wireless Personal Communications,2
3,npj Flexible Electronics,2
3,ACS Nano,1
3,ACS Nanoscience Au,1
3,AIP Advances,1
3,Acta Astronautica,1
3,Advanced Electromagnetics,1
3,Advanced Electronic Materials,1
3,Advanced Materials Technologies,1
3,Advanced Optical Materials,1
3,Advanced Science,1
3,Advances in Mathematics,1
3,Advances in the Theory of Nonlinear Analysis and its Applications,1
3,Agora - Estudos Classicos em Debate,1
3,American Journal of Physics,1
3,Applied Optics,1
3,Applied Physics A: Materials Science and Processing,1
3,Applied Spectroscopy Reviews,1
3,Applied Thermal Engineering,1
3,Archaeological Prospection,1
3,"Asia-Pacific Microwave Conference Proceedings, APMC",1
3,Australian Endodontic Journal,1
3,Automatica,1
3,Basin Research,1
3,Batteries and Supercaps,1
3,Big Data Research,1
3,Bioengineering,1
3,Biomass (Switzerland),1
3,Biosystems and Biorobotics,1
3,Building Research and Information,1
3,Building Simulation Conference Proceedings,1
3,CEAS Space Journal,1
3,CEUR Workshop Proceedings,1
3,COMPDYN Proceedings,1
3,Cellulose,1
3,Ceramics International,1
3,"Chaos, Solitons and Fractals",1
3,Chemical Communications,1
3,Chemical Physics,1
3,Cleaner and Circular Bioeconomy,1
3,Communications in Nonlinear Science and Numerical Simulation,1
3,Communications in Statistics Part B: Simulation and Computation,1
3,Complex Analysis and Operator Theory,1
3,Computers,1
3,Computers and Electronics in Agriculture,1
3,Comunicacoes Geologicas,1
3,Concurrency and Computation: Practice and Experience,1
3,Conference Record - IEEE Instrumentation and Measurement Technology Conference,1
3,Conservar Patrimonio,1
3,Crystal Growth and Design,1
3,Custos e Agronegocio,1
3,Data in Brief,1
3,Designs,1
3,Discover Applied Sciences,1
3,Dyes and Pigments,1
3,EPJ Web of Conferences,1
3,EURO Journal on Computational Optimization,1
3,Electronic Journal of Linear Algebra,1
3,Electronic Materials,1
3,Elektronika ir Elektrotechnika,1
3,Energy Economics,1
3,Engineering Proceedings,1
3,Engineering Structures,1
3,"Eurasia Proceedings of Science, Technology, Engineering and Mathematics",1
3,Europhysics News,1
3,Fire Safety Journal,1
3,Fire and Materials,1
3,Fluid Phase Equilibria,1
3,Frontiers in Human Neuroscience,1
3,Future Internet,1
3,Fuzzy Sets and Systems,1
3,Geociencias,1
3,Handbook on the Physics and Chemistry of Rare Earths,1
3,Heat Transfer Research,1
3,Hydrology Research,1
3,IEEE Antennas and Propagation Magazine,1
3,IEEE Antennas and Wireless Propagation Letters,1
3,IEEE Canadian Journal of Electrical and Computer Engineering,1
3,IEEE Control Systems Letters,1
3,IEEE Electron Device Letters,1
3,IEEE International Conference on Industrial Informatics (INDIN),1
3,"IEEE International Workshop on Computer Aided Modeling and Design of Communication Links and Networks, CAMAD",1
3,IEEE Open Journal of Signal Processing,1
3,IEEE Potentials,1
3,IEEE Sensors Letters,1
3,IEEE Transactions on Antennas and Propagation,1
3,IEEE Transactions on Automatic Control,1
3,IEEE Transactions on Circuits and Systems,1
3,IEEE Transactions on Circuits and Systems II: Express Briefs,1
3,IEEE Transactions on Electron Devices,1
3,IEEE Transactions on Green Communications and Networking,1
3,IEEE Transactions on Industrial Informatics,1
3,IEEE Transactions on Instrumentation and Measurement,1
3,IEEE Transactions on Very Large Scale Integration (VLSI) Systems,1
3,IEEE Transactions on Wireless Communications,1
3,"IEEE Vehicular Networking Conference, VNC",1
3,"IET Microwaves, Antennas and Propagation",1
3,IFIP Advances in Information and Communication Technology,1
3,"Iberian Conference on Information Systems and Technologies, CISTI",1
3,Indoor and Built Environment,1
3,Information Systems Frontiers,1
3,Infrastructures,1
3,International Communications in Heat and Mass Transfer,1
3,"International Conference on Electrical Engineering, Computer Science and Informatics (EECSI)",1
3,International Conference on Pattern Recognition Applications and Methods,1
3,"International Conference on Photonics, Optics and Laser Technology",1
3,"International Conference on Vehicle Technology and Intelligent Transport Systems, VEHITS - Proceedings",1
3,"International Conference on the European Energy Market, EEM",1
3,International Journal of Advanced Manufacturing Technology,1
3,International Journal of Architectural Heritage,1
3,International Journal of Biological Macromolecules,1
3,International Journal of Circuit Theory and Applications,1
3,International Journal of Energy for a Clean Environment,1
3,International Journal of Environmental Research and Public Health,1
3,International Journal of Fatigue,1
3,International Journal of Geographical Information Science,1
3,International Journal of Hydrogen Energy,1
3,International Journal of Material Forming,1
3,International Journal of Mechanical Engineering Education,1
3,International Journal of Mechanical Sciences,1
3,International Journal of Modelling and Simulation,1
3,International Journal of Molecular Sciences,1
3,International Journal of Refrigeration,1
3,International Journal of Structural Integrity,1
3,International Mathematics Research Notices,1
3,International Transactions in Operational Research,1
3,JPhys Materials,1
3,JPhys Photonics,1
3,Journal of Applied Mathematics and Computational Mechanics,1
3,Journal of Building Engineering,1
3,Journal of Chemical Physics,1
3,Journal of Chromatography A,1
3,Journal of Cleaner Production,1
3,"Journal of Comparative Physiology A: Neuroethology, Sensory, Neural, and Behavioral Physiology",1
3,Journal of Computational and Applied Mathematics,1
3,Journal of Constructional Steel Research,1
3,Journal of Electronic Materials,1
3,Journal of Geophysical Research: Atmospheres,1
3,Journal of Imaging,1
3,Journal of Magnesium and Alloys,1
3,Journal of Materials Science,1
3,Journal of Mathematical Physics,1
3,"Journal of Microwaves, Optoelectronics and Electromagnetic Applications",1
3,Journal of Molecular Liquids,1
3,Journal of Optical Communications and Networking,1
3,Journal of Optics (India),1
3,Journal of Parallel and Distributed Computing,1
3,Journal of Philosophical Logic,1
3,Journal of Photochemistry and Photobiology A: Chemistry,1
3,Journal of Physics A: Mathematical and Theoretical,1
3,Journal of Porous Media,1
3,Journal of Porphyrins and Phthalocyanines,1
3,Journal of Structural Fire Engineering,1
3,Journal of Structural Geology,1
3,Journal of the Royal Statistical Society. Series C: Applied Statistics,1
3,Key Engineering Materials,1
3,"Knee Surgery, Sports Traumatology, Arthroscopy",1
3,Knowledge and Information Systems,1
3,Langmuir,1
3,Laser Physics,1
3,Lecture Notes in Civil Engineering,1
3,Lecture Notes in Electrical Engineering,1
3,Lecture Notes on Data Engineering and Communications Technologies,1
3,Linear and Multilinear Algebra,1
3,Machine Learning,1
3,Macromolecules,1
3,Materials Today Physics,1
3,Mathematical Problems in Engineering,1
3,Measurement: Journal of the International Measurement Confederation,1
3,Mediterranean Journal of Mathematics,1
3,Micromachines,1
3,Micron,1
3,Microprocessors and Microsystems,1
3,Modern Electronic Materials,1
3,Nano Letters,1
3,Nanomaterials,1
3,Nature,1
3,Neural Computing and Applications,1
3,Nonlinear Analysis: Hybrid Systems,1
3,Nuclear Engineering and Technology,1
3,"Nuclear Instruments and Methods in Physics Research, Section B: Beam Interactions with Materials and Atoms",1
3,"Numerical Heat Transfer, Part B: Fundamentals",1
3,Numerische Mathematik,1
3,Optical Materials Express,1
3,PLOS ONE,1
3,PeerJ Computer Science,1
3,Performance Evaluation,1
3,Physica Scripta,1
3,Physical Review A,1
3,Physical Review C,1
3,Physical Review E,1
3,Physical Review X,1
3,Physics Education,1
3,"Physics Letters, Section A: General, Atomic and Solid State Physics",1
3,Polymer Bulletin,1
3,Portugaliae Mathematica,1
3,Procedia Structural Integrity,1
3,"Proceedings - IEEE Computer Society's Annual International Symposium on Modeling, Analysis, and Simulation of Computer and Telecommunications Systems, MASCOTS",1
3,"Proceedings - IEEE Consumer Communications and Networking Conference, CCNC",1
3,Proceedings - IEEE Military Communications Conference MILCOM,1
3,"Proceedings - International Conference on Image Processing, ICIP",1
3,Proceedings of the American Mathematical Society,1
3,"Proceedings of the American Mathematical Society, Series B",1
3,Proceedings of the IEEE International Conference on Industrial Technology,1
3,"Proceedings of the Institution of Mechanical Engineers, Part L: Journal of Materials: Design and Applications",1
3,"Proceedings of the Royal Society A: Mathematical, Physical and Engineering Sciences",1
3,Progress in Additive Manufacturing,1
3,Progress in Electromagnetics Research B,1
3,"Psychology of Aesthetics, Creativity, and the Arts",1
3,Psychology of Music,1
3,Radioengineering,1
3,Renewable and Sustainable Energy Reviews,1
3,Resources,1
3,Results in Engineering,1
3,Revista da Faculdade de Direito da Universidade Federal de Minas Gerais,1
3,"Revista de la Real Academia de Ciencias Exactas, Fisicas y Naturales - Serie A: Matematicas",1
3,Robotica,1
3,SEMA SIMAI Springer Series,1
3,Science,1
3,Science of Computer Programming,1
3,Science of the Total Environment,1
3,Scientia Iranica,1
3,Scientific Data,1
3,Separation and Purification Technology,1
3,Signals,1
3,Smart Cities,1
3,"Smart Innovation, Systems and Technologies",1
3,Soft Computing,1
3,SoftwareX,1
3,Soil Dynamics and Earthquake Engineering,1
3,Soils and Foundations,1
3,Soils and Rocks,1
3,Solar Energy,1
3,Solar Energy Materials and Solar Cells,1
3,Solar RRL,1
3,Spectrochimica Acta - Part B Atomic Spectroscopy,1
3,Springer Proceedings in Materials,1
3,Structural Concrete,1
3,Structural and Multidisciplinary Optimization,1
3,Studies in Applied Mathematics,1
3,"Studies in Systems, Decision and Control",1
3,Sustainability (Switzerland),1
3,Sustainable Computing: Informatics and Systems,1
3,TOP,1
3,Technical Digest - International Electron Devices Meeting,1
3,Thin-Walled Structures,1
3,Transactions on Machine Learning Research,1
3,Transport Means - Proceedings of the International Conference,1
3,Trends in Mathematics,1
3,Tsinghua Science and Technology,1
3,Unmanned System Technologies,1
3,Veterinary Sciences,1
3,World Electric Vehicle Journal,1
4,Foods,18
4,International Journal of Molecular Sciences,18
4,Molecules,16
4,Environmental Science and Pollution Research,10
4,Marine Drugs,10
4,Applied Sciences (Switzerland),9
4,Food Chemistry,9
4,International Journal of Biological Macromolecules,9
4,Nanomaterials,9
4,Separation and Purification Technology,9
4,Chemosphere,7
4,Dyes and Pigments,7
4,Animals,6
4,Carbohydrate Polymers,6
4,Environmental Toxicology and Pharmacology,6
4,Scientific Reports,6
4,Biomolecules,5
4,Pharmaceutics,5
4,iScience,5
4,ACS Sustainable Chemistry and Engineering,4
4,Algal Research,4
4,Antioxidants,4
4,Applied Microbiology and Biotechnology,4
4,Cancers,4
4,Catalysts,4
4,Environmental Pollution,4
4,Frontiers in Chemistry,4
4,International Journal of Pharmaceutics,4
4,Journal of Agricultural and Food Chemistry,4
4,Journal of Food Composition and Analysis,4
4,LWT,4
4,Microporous and Mesoporous Materials,4
4,New Journal of Chemistry,4
4,Science of the Total Environment,4
4,ACS Medicinal Chemistry Letters,3
4,ACS Omega,3
4,Biology,3
4,Bulletin of Environmental Contamination and Toxicology,3
4,Food Research International,3
4,Food and Bioproducts Processing,3
4,Frontiers in Immunology,3
4,Frontiers in Pharmacology,3
4,Industrial Crops and Products,3
4,Innovative Food Science and Emerging Technologies,3
4,Journal of Materials Chemistry C,3
4,Journal of Molecular Liquids,3
4,Journal of Molecular Structure,3
4,Journal of Photochemistry and Photobiology A: Chemistry,3
4,Journal of Photochemistry and Photobiology B: Biology,3
4,Journal of Proteome Research,3
4,Journal of the Brazilian Chemical Society,3
4,Journal of the Science of Food and Agriculture,3
4,Materials,3
4,Nature Communications,3
4,Plants,3
4,Polymers,3
4,ACS Applied Bio Materials,2
4,ACS Food Science and Technology,2
4,ACS Sensors,2
4,Advanced Biosystems,2
4,Angewandte Chemie - International Edition,2
4,Antibiotics,2
4,Applied Food Research,2
4,Biomaterials Science,2
4,Biomedicines,2
4,Bioprocess and Biosystems Engineering,2
4,Bioresource Technology,2
4,Biotechnology Progress,2
4,Catalysis Today,2
4,Cellular and Molecular Life Sciences,2
4,ChemMedChem,2
4,Chemistry and Biodiversity,2
4,Chemistry of Materials,2
4,Comparative Biochemistry and Physiology Part - C: Toxicology and Pharmacology,2
4,Conference Record of the IEEE Photovoltaic Specialists Conference,2
4,Coordination Chemistry Reviews,2
4,Ecotoxicology,2
4,Ecotoxicology and Environmental Safety,2
4,Environmental Advances,2
4,Environmental Research,2
4,Environmental Toxicology and Chemistry,2
4,Environments - MDPI,2
4,European Journal of Organic Chemistry,2
4,Expert Review of Proteomics,2
4,Frontiers in Marine Science,2
4,Future Medicinal Chemistry,2
4,Gels,2
4,Heliyon,2
4,Industrial and Engineering Chemistry Research,2
4,Journal of Applied Phycology,2
4,Journal of Clinical Medicine,2
4,Journal of Hazardous Materials,2
4,Journal of Infectious Diseases,2
4,Journal of Inorganic Biochemistry,2
4,Journal of Materials Chemistry B,2
4,Journal of Physical Chemistry B,2
4,Journal of Porphyrins and Phthalocyanines,2
4,Journal of the American Chemical Society,2
4,Life Sciences,2
4,Marine Pollution Bulletin,2
4,Materials Advances,2
4,Molecular and Cellular Biochemistry,2
4,Nutrients,2
4,Pharmaceuticals,2
4,Physical Chemistry Chemical Physics,2
4,Phytochemistry,2
4,Progress in Organic Coatings,2
4,Quimica Nova,2
4,RNA,2
4,RSC Advances,2
4,Revista Materia,2
4,Small Methods,2
4,Solar Energy Materials and Solar Cells,2
4,Toxics,2
4,Trends in Food Science and Technology,2
4,Waste Management,2
4,Water (Switzerland),2
4,AAPS PharmSciTech,1
4,ACS Applied Materials and Interfaces,1
4,ACS Biomaterials Science and Engineering,1
4,ACS Catalysis,1
4,ACS Chemical Neuroscience,1
4,Acta Innovations,1
4,Acta Scientiarum Mathematicarum,1
4,Advanced Functional Materials,1
4,Advanced Healthcare Materials,1
4,Advanced NanoBiomed Research,1
4,Advanced Structured Materials,1
4,Advanced Therapeutics,1
4,Advances in Clinical Chemistry,1
4,Advances in Experimental Medicine and Biology,1
4,Advances in Wound Care,1
4,Aging Cell,1
4,Agronomy,1
4,Analytica Chimica Acta,1
4,Applied and Environmental Microbiology,1
4,Aquaculture,1
4,Aquaculture International,1
4,Aquatic Toxicology,1
4,Archives of Environmental Contamination and Toxicology,1
4,Archives of Toxicology,1
4,Beilstein Journal of Organic Chemistry,1
4,Beverages,1
4,BioTech,1
4,Bioanalysis,1
4,Biochimica et Biophysica Acta - General Subjects,1
4,Bioconjugate Chemistry,1
4,Bioengineering,1
4,Biofabrication,1
4,Biogerontology,1
4,Biomacromolecules,1
4,Biomass Conversion and Biorefinery,1
4,Biomass and Bioenergy,1
4,Biomaterials Advances,1
4,Biomedical Materials (Bristol),1
4,Biomedical Microdevices,1
4,Biomedicine and Pharmacotherapy,1
4,Bioresources and Bioprocessing,1
4,Biosensors,1
4,Biotechnology and Applied Biochemistry,1
4,Brazilian Journal of Medical and Biological Research,1
4,Brazilian Journal of Microbiology,1
4,Brazilian Journal of Pharmaceutical Sciences,1
4,Carbohydrate Polymer Technologies and Applications,1
4,Catalysis Science and Technology,1
4,Cell Death and Disease,1
4,Cells,1
4,Chem and Bio Engineering,1
4,ChemCatChem,1
4,ChemPlusChem,1
4,ChemSusChem,1
4,Chemical Biology and Drug Design,1
4,Chemical Communications,1
4,Chemical Science,1
4,Chemical Society Reviews,1
4,Chemistry (Switzerland),1
4,Chemistry - A European Journal,1
4,ChemistryOpen,1
4,Clinical Hemorheology and Microcirculation,1
4,Clinical Nutrition ESPEN,1
4,Coatings,1
4,Colloids and Surfaces B: Biointerfaces,1
4,Corrosion Science,1
4,Critical Reviews in Food Science and Nutrition,1
4,CrystEngComm,1
4,Current Oncology,1
4,Dairy,1
4,Diabetologia,1
4,Diseases of Aquatic Organisms,1
4,EMBO Reports,1
4,Engineering Proceedings,1
4,Environmental Science and Technology,1
4,Environmental Science: Nano,1
4,Environmental Technology (United Kingdom),1
4,"Estuarine, Coastal and Shelf Science",1
4,European Journal of Medicinal Chemistry,1
4,European Journal of Neuroscience,1
4,European Journal of Pharmaceutics and Biopharmaceutics,1
4,Exploration of Foods and Foodomics,1
4,FEBS Letters,1
4,Finite Elements in Analysis and Design,1
4,Fluid Phase Equilibria,1
4,Food Bioscience,1
4,Food Chemistry Advances,1
4,Food Reviews International,1
4,Food and Bioprocess Technology,1
4,Food and Chemical Toxicology,1
4,Food and Function,1
4,Frontiers in Cell and Developmental Biology,1
4,Frontiers in Endocrinology,1
4,Frontiers in Microbiology,1
4,Frontiers in Nanotechnology,1
4,Frontiers in Nutrition,1
4,Frontiers in Oncology,1
4,Frontiers in Photonics,1
4,"G3: Genes, Genomes, Genetics",1
4,Green Chemistry,1
4,Horticulturae,1
4,IEEE Transactions on Communications,1
4,Inflammatory Bowel Diseases,1
4,Inorganic Chemistry Communications,1
4,Inorganica Chimica Acta,1
4,Insects,1
4,International Dairy Journal,1
4,International Journal of Environmental Research and Public Health,1
4,International Journal of Gastronomy and Food Science,1
4,International Journal of Nanomedicine,1
4,International Journal of Plant Biology,1
4,Journal of Advanced Research,1
4,Journal of Applied Toxicology,1
4,Journal of Biomolecular Structure and Dynamics,1
4,Journal of Cancer Metastasis and Treatment,1
4,Journal of Catalysis,1
4,Journal of Drug Delivery Science and Technology,1
4,Journal of Engineering and Applied Science,1
4,Journal of Environmental Management,1
4,Journal of Environmental Science and Health - Part A Toxic/Hazardous Substances and Environmental Engineering,1
4,Journal of Environmental Sciences (China),1
4,Journal of Extracellular Biology,1
4,Journal of Fluorescence,1
4,Journal of Food Process Engineering,1
4,Journal of Food Science,1
4,Journal of Immunological Methods,1
4,Journal of Invertebrate Pathology,1
4,Journal of Materials Chemistry A,1
4,Journal of Materials Research and Technology,1
4,Journal of Mechanics in Medicine and Biology,1
4,Journal of Organic Chemistry,1
4,Journal of Organometallic Chemistry,1
4,Journal of Pathology,1
4,Journal of Physical Chemistry C,1
4,Journal of Physical Chemistry Letters,1
4,Journal of Physics Condensed Matter,1
4,Journal of Physics: Conference Series,1
4,Journal of Polymers and the Environment,1
4,Journal of Porous Media,1
4,Journal of Xenobiotics,1
4,Journal of the American Ceramic Society,1
4,Journal of the World Aquaculture Society,1
4,Lecture Notes in Computer Science,1
4,Lecture Notes in Networks and Systems,1
4,Life,1
4,Macromol,1
4,Marine Biotechnology,1
4,Marine Environmental Research,1
4,Materials Chemistry and Physics,1
4,Materials Letters,1
4,Materials Research,1
4,Materials Science and Engineering C,1
4,Materials Today Bio,1
4,Metabolism: Clinical and Experimental,1
4,Methods,1
4,Methods in Molecular Biology,1
4,Microbiological Research,1
4,Microbiology (United Kingdom),1
4,Microbiology Spectrum,1
4,Microchemical Journal,1
4,Micron,1
4,Microplastics,1
4,Modern Electronic Materials,1
4,Molecular Biology Reports,1
4,Molecular Neurobiology,1
4,Molecular Nutrition and Food Research,1
4,Molecular Pharmaceutics,1
4,Molecular Therapy Nucleic Acids,1
4,Molecular and Cellular Endocrinology,1
4,NATO Science for Peace and Security Series B: Physics and Biophysics,1
4,Nano Materials Science,1
4,Nanoscale,1
4,Natural Product Research,1
4,Nature Cancer,1
4,Nature Immunology,1
4,Nature Protocols,1
4,Neural Regeneration Research,1
4,Neurochemistry International,1
4,New Biotechnology,1
4,Organic and Biomolecular Chemistry,1
4,Parasitology,1
4,Parasitology Research,1
4,Pathobiology,1
4,Pest Management Science,1
4,Physica B: Condensed Matter,1
4,Physical Review Letters,1
4,Phytochemistry Reviews,1
4,Placenta,1
4,Polymer Chemistry,1
4,Polymer Degradation and Stability,1
4,Polymers for Advanced Technologies,1
4,Procedia Computer Science,1
4,Proceedings of SPIE - The International Society for Optical Engineering,1
4,Proceedings of the National Academy of Sciences of the United States of America,1
4,Proceedings of the World Congress on New Technologies,1
4,Process Safety and Environmental Protection,1
4,Processes,1
4,Protein Science,1
4,RSC Medicinal Chemistry,1
4,RSC Soft Matter,1
4,Radiation Physics and Chemistry,1
4,Reference Series in Phytochemistry,1
4,Research in Veterinary Science,1
4,Results in Chemistry,1
4,Revista Ambiente e Agua,1
4,Scientia Horticulturae,1
4,Sensors,1
4,Small,1
4,Spectrochimica Acta - Part A: Molecular and Biomolecular Spectroscopy,1
4,Springer Proceedings in Earth and Environmental Sciences,1
4,Sustainability (Switzerland),1
4,Sustainable Chemistry and Pharmacy,1
4,Sustainable Energy and Fuels,1
4,Sustainable Food Technology,1
4,Synthesis (Germany),1
4,Technologies,1
4,Tetrahedron Green Chem,1
4,Trends in Mathematics,1
4,Veterinary Sciences,1
4,World Journal of Microbiology and Biotechnology,1
4,mBio,1
5,Physical Review D,82
5,Journal of Cosmology and Astroparticle Physics,18
5,Journal of High Energy Physics,18
5,"Physics Letters, Section B: Nuclear, Elementary Particle and High-Energy Physics",17
5,Classical and Quantum Gravity,14
5,Astrophysical Journal,11
5,Astronomy and Astrophysics,10
5,Physical Review Letters,9
5,European Physical Journal C,7
5,Living Reviews in Relativity,3
5,Physical Review B,3
5,Physical Review X,3
5,Complex Analysis and Operator Theory,2
5,Entropy,2
5,Journal of Physics A: Mathematical and Theoretical,2
5,Journal of Physics: Conference Series,2
5,Proceedings of Science,2
5,Symmetry,2
5,Universe,2
5,Advances in Mathematics,1
5,Analysis and Mathematical Physics,1
5,Applied Physics A: Materials Science and Processing,1
5,Astrophysical Journal Letters,1
5,"Astrophysical Journal, Supplement Series",1
5,Cadernos de Sociomuseologia,1
5,Cellular and Molecular Life Sciences,1
5,Chaos,1
5,Coatings,1
5,Composites Science and Technology,1
5,Discrete Mathematics,1
5,Europhysics Letters,1
5,General Relativity and Gravitation,1
5,Heritage,1
5,International Journal of Coal Geology,1
5,International Journal of Modern Physics A,1
5,International Journal of Modern Physics D,1
5,Journal of Applied Physics,1
5,Journal of Differential Equations,1
5,Journal of Geometric Analysis,1
5,Journal of Insects as Food and Feed,1
5,Journal of Logical and Algebraic Methods in Programming,1
5,Journal of Magnetism and Magnetic Materials,1
5,Journal of Mathematical Physics,1
5,Journal of Operational Oceanography,1
5,Journal of South American Earth Sciences,1
5,Journal of Statistical Physics,1
5,Journal of the Royal Statistical Society. Series C: Applied Statistics,1
5,Lecture Notes in Physics,1
5,Machine Learning: Science and Technology,1
5,Mathematics,1
5,Monthly Notices of the Royal Astronomical Society,1
5,New Astronomy,1
5,Numerical Algorithms,1
5,Physica D: Nonlinear Phenomena,1
5,Physical Review E,1
5,Physical Review Research,1
5,Physics of the Dark Universe,1
5,Progress of Theoretical and Experimental Physics,1
5,Revista Brasileira de Direito Processual Penal,1
5,Revista Brasileira de Ensino de Fisica,1
5,Transactions of the American Mathematical Society,1
5,Trends in Mathematics,1
6,ARP Rheumatology,9
6,Acta Medica Portuguesa,9
6,"Millenium: Journal of Education, Technologies, and Health",8
6,Scientific Reports,7
6,Clinical and Experimental Rheumatology,6
6,International Journal of Environmental Research and Public Health,6
6,Revista de Enfermagem Referencia,6
6,Applied Sciences (Switzerland),5
6,BMJ Open,5
6,Nutrients,5
6,Rheumatology,5
6,AIP Conference Proceedings,4
6,Communications in Computer and Information Science,4
6,Frontiers in Public Health,4
6,"Iberian Conference on Information Systems and Technologies, CISTI",4
6,Lecture Notes in Networks and Systems,4
6,Procedia Computer Science,4
6,RISTI - Revista Iberica de Sistemas e Tecnologias de Informacao,4
6,Revista Brasileira de Enfermagem,4
6,Revista Portuguesa de Cardiologia,4
6,Revista da Escola de Enfermagem da USP,4
6,Sensors,4
6,Acta Reumatologica Portuguesa,3
6,BMC Public Health,3
6,Biomedicines,3
6,"Chaos, Solitons and Fractals",3
6,Ciencia e Saude Coletiva,3
6,Data in Brief,3
6,Disability and Rehabilitation,3
6,Frontiers in Psychology,3
6,Healthcare (Switzerland),3
6,International Journal of Hygiene and Environmental Health,3
6,International Journal of Molecular Sciences,3
6,Jornal Brasileiro de Pneumologia,3
6,Journal of Behavioral Addictions,3
6,Journal of Clinical Medicine,3
6,Lecture Notes in Computer Science,3
6,PLOS ONE,3
6,Portuguese Journal of Pediatrics,3
6,Pulmonology,3
6,Science of the Total Environment,3
6,Analise Psicologica,2
6,Animals,2
6,Annals of the Rheumatic Diseases,2
6,Arthritis Research and Therapy,2
6,Assessment,2
6,Bioengineering,2
6,CODAS,2
6,Computers in Biology and Medicine,2
6,DELTA Documentacao de Estudos em Linguistica Teorica e Aplicada,2
6,European Child and Adolescent Psychiatry,2
6,Food Research International,2
6,Frontiers in Medicine,2
6,Frontiers in Physiology,2
6,"International Conference on Information and Communication Technologies for Ageing Well and e-Health, ICT4AWE - Proceedings",2
6,International Journal of Cardiovascular Sciences,2
6,Journal of Affective Disorders,2
6,Journal of Alzheimer's Disease,2
6,Journal of Bodywork and Movement Therapies,2
6,Journal of Clinical Rheumatology,2
6,Journal of Market Access and Health Policy,2
6,Lecture Notes in Bioengineering,2
6,Metabolites,2
6,Nature Communications,2
6,Nature Genetics,2
6,New Trends in Qualitative Research,2
6,PSICOLOGIA,2
6,Pathogens,2
6,PeerJ Computer Science,2
6,Pharmaceuticals,2
6,RMD Open,2
6,Revista Iberoamericana de Diagnostico y Evaluacion Psicologica,2
6,Revista Latino-Americana de Enfermagem,2
6,Spanish Journal of Psychology,2
6,Stroke,2
6,Vaccines,2
6,Work,2
6,ACM Computing Surveys,1
6,ACTA Paulista de Enfermagem,1
6,AIMS Mathematics,1
6,AJO International,1
6,Acta Neuropathologica,1
6,Addiction,1
6,Advances in Intelligent Systems and Computing,1
6,Aloma,1
6,Alzheimer's and Dementia,1
6,American Journal of Hypertension,1
6,"American Journal of Medical Genetics, Part A",1
6,Anales de Psicologia,1
6,Andrologia,1
6,Annals of Physical and Rehabilitation Medicine,1
6,Anthrozoos,1
6,Aphasiology,1
6,Applied Developmental Science,1
6,Applied Spectroscopy Reviews,1
6,Aquichan,1
6,Archives of Biochemistry and Biophysics,1
6,Archives of Endocrinology and Metabolism,1
6,Archives of Oral Biology,1
6,Archives of Osteoporosis,1
6,Archives of Sexual Behavior,1
6,Archives of Toxicology,1
6,Arthritis and Rheumatology,1
6,Atas da Conferencia da Associacao Portuguesa de Sistemas de Informacao,1
6,Audiology Research,1
6,Autism in Adulthood,1
6,Axioms,1
6,BMC Biology,1
6,BMC Genomics,1
6,BMC Geriatrics,1
6,BMC Health Services Research,1
6,BMC Medical Education,1
6,BMC Medical Imaging,1
6,BMC Pregnancy and Childbirth,1
6,Behaviour and Information Technology,1
6,Biogerontology,1
6,Biomarkers,1
6,Biomechanics (Switzerland),1
6,Biomedical Signal Processing and Control,1
6,Biomedical and Biopharmaceutical Research,1
6,Blood Pressure,1
6,Bone Reports,1
6,Briefings in Bioinformatics,1
6,Building and Environment,1
6,Cancers,1
6,Carbohydrate Polymers,1
6,Carnets,1
6,Cellular and Molecular Life Sciences,1
6,Children,1
6,Clinical Genetics,1
6,Clinical Neurology and Neurosurgery,1
6,Clinical Neurophysiology,1
6,Clinical Ophthalmology,1
6,Clinical Oral Implants Research,1
6,Clinical Oral Investigations,1
6,Clinical Rehabilitation,1
6,Clinical and Translational Allergy,1
6,Communications Medicine,1
6,Comprehensive Psychiatry,1
6,Computers in Human Behavior Reports,1
6,"Computers, Materials and Continua",1
6,Critical Reviews in Clinical Laboratory Sciences,1
6,Critical Reviews in Food Science and Nutrition,1
6,Current Protein and Peptide Science,1
6,Current Proteomics,1
6,Current Psychology,1
6,Death Studies,1
6,Digestive and Liver Disease,1
6,Drug Safety,1
6,Ecopsychology,1
6,Educacao and Realidade,1
6,Educational Gerontology,1
6,Egyptian Journal of Medical Human Genetics,1
6,Enfermeria Intensiva,1
6,Environmental Science and Engineering,1
6,Eurasian Business Review,1
6,European Annals of Allergy and Clinical Immunology,1
6,European Journal of Clinical Investigation,1
6,European Journal of Developmental Psychology,1
6,European Journal of Plastic Surgery,1
6,European Journal of Public Health,1
6,European Physical Journal Plus,1
6,European Psychiatry,1
6,European Respiratory Journal,1
6,European Respiratory Review,1
6,European Stroke Journal,1
6,Evolutionary Human Sciences,1
6,Expert Opinion on Drug Discovery,1
6,Finisterra,1
6,Food Reviews International,1
6,Forests,1
6,Fronteiras,1
6,Frontiers in Bioscience - Scholar,1
6,Frontiers in Human Neuroscience,1
6,Frontiers in Immunology,1
6,Frontiers in Medical Technology,1
6,Frontiers in Microbiology,1
6,Frontiers in Neuroinformatics,1
6,Frontiers in Oncology,1
6,General Relativity and Gravitation,1
6,Genome Medicine,1
6,Geriatrics (Switzerland),1
6,Glossa,1
6,Graefe's Archive for Clinical and Experimental Ophthalmology,1
6,Health Expectations,1
6,Health Policy,1
6,Health Research Policy and Systems,1
6,Health and Social Care Delivery Research,1
6,Heliyon,1
6,Horticulturae,1
6,Hypertension Research,1
6,IEEE Access,1
6,IEEE Journal of Biomedical and Health Informatics,1
6,IEEE Transactions on Consumer Electronics,1
6,Informatics in Medicine Unlocked,1
6,Infosys Science Foundation Series in Mathematical Sciences,1
6,Intelligence-Based Medicine,1
6,"International Conference on Systems, Signals, and Image Processing",1
6,International Journal of Bifurcation and Chaos,1
6,International Journal of Clinical Pharmacy,1
6,International Journal of Clinical and Health Psychology,1
6,International Journal of Eating Disorders,1
6,International Journal of Food Microbiology,1
6,International Journal of Infectious Diseases,1
6,International Journal of Language and Communication Disorders,1
6,International Journal of Pharmaceutical and Healthcare Marketing,1
6,International Journal of Sports Medicine,1
6,International Ophthalmology,1
6,International Urogynecology Journal,1
6,JAMA Network Open,1
6,"JSES Reviews, Reports, and Techniques",1
6,Janus.net,1
6,Joint Bone Spine,1
6,Journal of Algebra,1
6,Journal of Algebra and its Applications,1
6,Journal of Algebraic Combinatorics,1
6,Journal of Attention Disorders,1
6,Journal of Business Ethics,1
6,Journal of Community Genetics,1
6,Journal of Engineering Research (Kuwait),1
6,Journal of Family Therapy,1
6,Journal of Food Composition and Analysis,1
6,Journal of Health Psychology,1
6,Journal of Imaging Informatics in Medicine,1
6,Journal of Infection,1
6,Journal of Infection in Developing Countries,1
6,Journal of Infusion Nursing,1
6,Journal of Integrated Care,1
6,Journal of Investigational Allergology and Clinical Immunology,1
6,Journal of Medical Internet Research,1
6,Journal of Molecular Medicine,1
6,Journal of NeuroInterventional Surgery,1
6,Journal of Orthopaedic and Sports Physical Therapy,1
6,"Journal of Plastic, Reconstructive and Aesthetic Surgery",1
6,Journal of Prevention of Alzheimer's Disease,1
6,Journal of Psychiatric Research,1
6,Journal of Public Health Policy,1
6,Journal of Reproductive and Infant Psychology,1
6,Journal of Rheumatology,1
6,Journal of Sex Research,1
6,Journal of Sex and Marital Therapy,1
6,Journal of Tissue Viability,1
6,Journal of Veterinary Internal Medicine,1
6,Journal of the American Geriatrics Society,1
6,Lecture Notes in Electrical Engineering,1
6,"Lecture Notes of the Institute for Computer Sciences, Social-Informatics and Telecommunications Engineering, LNICST",1
6,Lecture Notes on Data Engineering and Communications Technologies,1
6,Life,1
6,Mathematics and Computers in Simulation,1
6,Mental Health and Social Inclusion,1
6,MethodsX,1
6,Microbiology Spectrum,1
6,Microorganisms,1
6,Mindfulness,1
6,Motivation and Emotion,1
6,Mycopathologia,1
6,Neural Computing and Applications,1
6,Nursing in Critical Care,1
6,Nutrition Bulletin,1
6,Ophthalmology Retina,1
6,Ophthalmology Science,1
6,Opus,1
6,Organic Letters,1
6,Orphanet Journal of Rare Diseases,1
6,Osteoporosis International,1
6,Paideia,1
6,Pediatric Research,1
6,PeerJ,1
6,Perspectives on Behavior Science,1
6,Physical Review E,1
6,Physical and Engineering Sciences in Medicine,1
6,Physiotherapy Theory and Practice,1
6,Portuguese Journal of Public Health,1
6,"Proceedings of the European Conference on Knowledge Management, ECKM",1
6,Proceedings of the International Conference on Gender Research,1
6,Progress in Biomedical Optics and Imaging - Proceedings of SPIE,1
6,Psychology of Sexual Orientation and Gender Diversity,1
6,Public Health,1
6,Quality of Life Research,1
6,Radiation Effects and Defects in Solids,1
6,Research on Aging,1
6,Reviews in Cardiovascular Medicine,1
6,Revista Baiana de Enfermagem,1
6,Revista Brasileira de Saude Ocupacional,1
6,Revista CES Psicologia,1
6,Revista Chilena de Fonoaudiologia,1
6,Revista Espanola de Anestesiologia y Reanimacion,1
6,Revista Gaucha de Enfermagem,1
6,Revista Portuguesa de Educacao,1
6,"Revista Portuguesa de Estomatologia, Medicina Dentaria e Cirurgia Maxilofacial",1
6,Revista Portuguesa de Imunoalergologia,1
6,Revista da Sociedade Brasileira de Medicina Tropical,1
6,Revista de Estudos da Linguagem,1
6,Revista de Lenguas para Fines Especificos,1
6,Rheumatology Advances in Practice,1
6,Scandinavian Journal of Caring Sciences,1
6,Scandinavian Journal of Rheumatology,1
6,Science Advances,1
6,Scientific Data,1
6,Seminars in Arthritis and Rheumatism,1
6,Sexual Medicine Reviews,1
6,Sexuality Research and Social Policy,1
6,Sinapse,1
6,Smart Health,1
6,"Smart Innovation, Systems and Technologies",1
6,Social Sciences,1
6,Sport Mont,1
6,Springer Proceedings in Mathematics and Statistics,1
6,"Studies on Entrepreneurship, Structural Change and Industrial Dynamics",1
6,Sustainable Cities and Society,1
6,The Lancet Healthy Longevity,1
6,Topics in Stroke Rehabilitation,1
6,Toxins,1
6,Transboundary and Emerging Diseases,1
6,Translational Psychiatry,1
6,Universal Access in the Information Society,1
6,Vaccine,1
6,Veterinarska Stanica,1
6,Vitamins and Hormones,1
6,WSEAS Transactions on Biology and Biomedicine,1
6,Waste Disposal and Sustainable Energy,1
6,Zoology,1
6,npj Genomic Medicine,1
7,Science of the Total Environment,35
7,Marine Pollution Bulletin,17
7,Environmental Science and Pollution Research,15
7,Scientific Reports,13
7,Animals,12
7,Environmental Pollution,11
7,Journal of Marine Science and Engineering,11
7,Marine Environmental Research,11
7,Frontiers in Marine Science,10
7,Journal of South American Earth Sciences,10
7,Regional Studies in Marine Science,10
7,Water (Switzerland),10
7,"Estuarine, Coastal and Shelf Science",9
7,Chemosphere,8
7,Biodiversity and Conservation,7
7,European Journal of Plant Pathology,7
7,PeerJ,7
7,Comunicacoes Geologicas,6
7,Biological Conservation,5
7,Environmental Earth Sciences,5
7,Journal of Hazardous Materials,5
7,Landscape Ecology,5
7,Marine Ecology Progress Series,5
7,Applied Sciences (Switzerland),4
7,Diversity,4
7,Ecology,4
7,Ecotoxicology and Environmental Safety,4
7,European Journal of Taxonomy,4
7,Fisheries Research,4
7,Food Control,4
7,Frontiers in Ecology and Evolution,4
7,Journal of Sea Research,4
7,Mammalian Biology,4
7,PLOS ONE,4
7,Pathogens,4
7,Progress in Oceanography,4
7,Scientific Data,4
7,Toxics,4
7,Atmosphere,3
7,Atmospheric Research,3
7,Biological Journal of the Linnean Society,3
7,Climate,3
7,Ecological Indicators,3
7,Ecology and Evolution,3
7,Environmental Research,3
7,Environments - MDPI,3
7,Estuaries and Coasts,3
7,European Journal of Wildlife Research,3
7,Food Chemistry,3
7,Forest Ecology and Management,3
7,Forests,3
7,Frontiers in Microbiology,3
7,Global Change Biology,3
7,International Journal of Wildland Fire,3
7,Journal of African Earth Sciences,3
7,Mammal Review,3
7,Marine Policy,3
7,Minerals,3
7,Mycosphere,3
7,Ocean Modelling,3
7,Studies on Neotropical Fauna and Environment,3
7,ACM International Conference Proceeding Series,2
7,Aquatic Sciences,2
7,Ardea,2
7,Atmospheric Chemistry and Physics,2
7,Atmospheric Environment,2
7,Biodiversity Data Journal,2
7,Botanica Marina,2
7,Communications Earth and Environment,2
7,Continental Shelf Research,2
7,Data,2
7,Deep-Sea Research Part I: Oceanographic Research Papers,2
7,Diseases of Aquatic Organisms,2
7,Earth System Science Data,2
7,Earth Systems and Environment,2
7,Ecological Solutions and Evidence,2
7,Ecotoxicology,2
7,Environmental Geochemistry and Health,2
7,Environmental Monitoring and Assessment,2
7,Environmental Science and Technology,2
7,Environmental Toxicology and Pharmacology,2
7,European Journal of Forest Research,2
7,Evolution,2
7,Fungal Biology,2
7,Geociencias,2
7,Geological Society Special Publication,2
7,Global Ecology and Conservation,2
7,Hystrix,2
7,International Geology Review,2
7,Invertebrate Systematics,2
7,Journal of Thermal Biology,2
7,Journal of Volcanology and Geothermal Research,2
7,Lithos,2
7,Mammal Research,2
7,Marine Biology,2
7,Marine Geology,2
7,Marine Mammal Science,2
7,Marine Micropaleontology,2
7,Microorganisms,2
7,Molecules,2
7,Natural Hazards,2
7,"Neues Jahrbuch fur Mineralogie, Abhandlungen",2
7,Phytotaxa,2
7,Proceedings of the Royal Society B: Biological Sciences,2
7,Remote Sensing,2
7,Sustainability (Switzerland),2
7,Systematics and Biodiversity,2
7,"Water, Air, and Soil Pollution",2
7,Waterbirds,2
7,Zootaxa,2
7,AIMS Microbiology,1
7,AIP Conference Proceedings,1
7,Acta Oceanologica Sinica,1
7,Acta Physiologiae Plantarum,1
7,Acta Tropica,1
7,Advances in Marine Biology,1
7,"Agriculture, Ecosystems and Environment",1
7,Agroforestry Systems,1
7,Agronomy,1
7,"Air Quality, Atmosphere and Health",1
7,"Air, Soil and Water Research",1
7,American Naturalist,1
7,Annals of the New York Academy of Sciences,1
7,Anthropocene Coasts,1
7,Apidologie,1
7,Applied Geochemistry,1
7,Aquaculture,1
7,Aquaculture Research,1
7,Aquatic Conservation: Marine and Freshwater Ecosystems,1
7,Aquatic Ecology,1
7,Aquatic Toxicology,1
7,Archives of Environmental Contamination and Toxicology,1
7,Ardeola,1
7,Austral Ecology,1
7,Avian Biology Research,1
7,BMC Ecology and Evolution,1
7,Basin Research,1
7,Beverages,1
7,BioControl,1
7,Biological Reviews,1
7,Biotechnology Advances,1
7,Bird Conservation International,1
7,Boletim Paranaense de Geosciencias,1
7,Botanical Sciences,1
7,Brazilian Journal of Microbiology,1
7,Bulletin of Environmental Contamination and Toxicology,1
7,Bulletin of the American Meteorological Society,1
7,Bulletin of the Geological Society of America,1
7,Cambridge Prisms: Extinction,1
7,Canadian Mineralogist,1
7,Cities,1
7,Climate Dynamics,1
7,Communications in Computer and Information Science,1
7,Community Ecology,1
7,Comparative Biochemistry and Physiology Part - C: Toxicology and Pharmacology,1
7,Comparative Parasitology,1
7,Computers and Electronics in Agriculture,1
7,Conservar Patrimonio,1
7,Conservation Biology,1
7,Cytogenetic and Genome Research,1
7,Data in Brief,1
7,Desalination,1
7,Diversity and Distributions,1
7,Earth-Science Reviews,1
7,Ecography,1
7,Ecological Engineering,1
7,Ecosystems and People,1
7,Elementa,1
7,Endangered Species Research,1
7,Energies,1
7,Environmental Conservation,1
7,Environmental DNA,1
7,Environmental Management,1
7,Environmental Microbiome,1
7,Environmental Quality Management,1
7,Environmental Science: Water Research and Technology,1
7,Environmental and Experimental Botany,1
7,Epidemics,1
7,Espace-Populations-Societes,1
7,Estudos do Quaternario,1
7,Ethology,1
7,Etudes Romanes de Brno,1
7,FEMS Microbiology Ecology,1
7,"Flora: Morphology, Distribution, Functional Ecology of Plants",1
7,Food and Environmental Virology,1
7,Forestry,1
7,Frontiers in Ecology and the Environment,1
7,Frontiers in Environmental Science,1
7,Frontiers in Forests and Global Change,1
7,Frontiers in Plant Science,1
7,Fungal Diversity,1
7,Gene,1
7,Genes,1
7,Geochemistry,1
7,Geoderma,1
7,Geoderma Regional,1
7,Geologia USP - Serie Cientifica,1
7,Geomorphology,1
7,Geoscience Frontiers,1
7,Geosciences (Switzerland),1
7,GigaScience,1
7,Global Biogeochemical Cycles,1
7,Global Ecology and Biogeography,1
7,Herpetological Conservation and Biology,1
7,Human Ecology,1
7,Hydrological Processes,1
7,Hydrology,1
7,IMA Fungus,1
7,IOP Conference Series: Earth and Environmental Science,1
7,"Iberian Conference on Information Systems and Technologies, CISTI",1
7,Immunogenetics,1
7,Industrial Crops and Products,1
7,Inland Waters,1
7,Insects,1
7,Integrated Environmental Assessment and Management,1
7,Integrative Zoology,1
7,International Geoscience and Remote Sensing Symposium (IGARSS),1
7,International Journal for Parasitology: Parasites and Wildlife,1
7,International Journal of Biometeorology,1
7,International Journal of Coal Geology,1
7,International Journal of Disaster Risk Reduction,1
7,International Journal of Earth Sciences,1
7,International Journal of Environmental Research and Public Health,1
7,International Journal of Morphology,1
7,International Journal of Systematic and Evolutionary Microbiology,1
7,Investigacion Bibliotecologica,1
7,Jornal Brasileiro de Pneumologia,1
7,Journal for Nature Conservation,1
7,Journal of Applied Ecology,1
7,Journal of Avian Biology,1
7,Journal of Biogeography,1
7,Journal of Chemical Physics,1
7,Journal of Cleaner Production,1
7,Journal of Earth Science,1
7,Journal of Ecology,1
7,Journal of Environmental Management,1
7,Journal of Ethology,1
7,Journal of Experimental Biology,1
7,Journal of Experimental Zoology Part A: Ecological and Integrative Physiology,1
7,Journal of Food Composition and Analysis,1
7,Journal of Fungi,1
7,Journal of Geophysical Research: Atmospheres,1
7,Journal of Geophysical Research: Biogeosciences,1
7,Journal of Geophysical Research: Oceans,1
7,Journal of Hazardous Materials Advances,1
7,Journal of Hydrology,1
7,Journal of Hydrology: Regional Studies,1
7,Journal of Iberian Geology,1
7,Journal of Invertebrate Pathology,1
7,Journal of Maps,1
7,Journal of Micropalaeontology,1
7,Journal of Physical Chemistry B,1
7,Journal of Proteomics,1
7,Journal of Radioanalytical and Nuclear Chemistry,1
7,Journal of Soils and Sediments,1
7,Journal of Statistical Theory and Practice,1
7,Journal of Veterinary Behavior,1
7,Journal of Zoology,1
7,Journal of the Brazilian Chemical Society,1
7,Land Degradation and Development,1
7,Lecture Notes in Computer Science,1
7,Life,1
7,Limnology and Oceanography,1
7,Mammalia,1
7,Marine Biodiversity,1
7,Marine Biology Research,1
7,Marine Drugs,1
7,Marine Ornithology,1
7,Marine and Freshwater Research,1
7,Marine and Petroleum Geology,1
7,Mastozoologia Neotropical,1
7,Medical Mycology,1
7,Mine Water and the Environment,1
7,Molecular Ecology,1
7,Molecular Ecology Resources,1
7,MycoKeys,1
7,Mycologia,1
7,Mycological Progress,1
7,Nanomaterials,1
7,Natural Hazards and Earth System Sciences,1
7,Nature,1
7,Nature Astronomy,1
7,Nature Ecology and Evolution,1
7,New Phytologist,1
7,Newsletters on Stratigraphy,1
7,Ocean and Coastal Research,1
7,Oceanography and Marine Biology,1
7,Oceans Conference Record (IEEE),1
7,Oecologia Australis,1
7,Organisms Diversity and Evolution,1
7,PLOS Water,1
7,"Palaeogeography, Palaeoclimatology, Palaeoecology",1
7,Parasitology,1
7,Perspectives in Ecology and Conservation,1
7,Pest Management Science,1
7,Plant Biosystems,1
7,Plant Disease,1
7,Plants,1
7,Pollutants,1
7,Problemy Ekorozwoju,1
7,Proceedings of the IAHR World Congress,1
7,Quaternary International,1
7,Quaternary Science Advances,1
7,Recycling,1
7,Regional Science Policy and Practice,1
7,Renewable and Sustainable Energy Reviews,1
7,Revista Brasileira de Geomorfologia,1
7,Revista Brasileira de Meteorologia,1
7,Revista de la Asociacion Geologica Argentina,1
7,SPAL,1
7,Sedimentary Geology,1
7,Sedimentology,1
7,Smart Agricultural Technology,1
7,Springer Proceedings in Advanced Robotics,1
7,Springer Series in Design and Innovation,1
7,Symmetry,1
7,Systematic Biology,1
7,Tectonophysics,1
7,Thalassas,1
7,Tree Genetics and Genomes,1
7,Trends in Ecology and Evolution,1
7,Tropical Medicine and Health,1
7,Urban Climate,1
7,Urban Water Journal,1
7,Ursus,1
7,Utilities Policy,1
7,Veterinary Research Communications,1
7,Water Research,1
7,Web Ecology,1
7,World Sustainability Series,1
7,Zeitschrift fur Naturforschung - Section C Journal of Biosciences,1
7,ZooKeys,1
7,eLife,1
8,New Trends in Qualitative Research,17
8,"Iberian Conference on Information Systems and Technologies, CISTI",16
8,Education Sciences,14
8,Communications in Computer and Information Science,13
8,Springer Series in Design and Innovation,11
8,Lecture Notes in Networks and Systems,10
8,Diacritica,9
8,Lecture Notes in Computer Science,9
8,Revista Lusofona de Educacao,9
8,Lecture Notes in Educational Technology,7
8,"Lecture Notes of the Institute for Computer Sciences, Social-Informatics and Telecommunications Engineering, LNICST",7
8,Praxis Educativa,7
8,Sustainability (Switzerland),7
8,Comunicacoes Geologicas,6
8,Investigacoes em Ensino de Ciencias,5
8,RISTI - Revista Iberica de Sistemas e Tecnologias de Informacao,5
8,Revista Portuguesa de Educacao,5
8,ACM International Conference Proceeding Series,4
8,Advances in Intelligent Systems and Computing,4
8,Education Policy Analysis Archives,4
8,Observatorio,4
8,Procedia Computer Science,4
8,Revista Iberoamericana de Tecnologias del Aprendizaje,4
8,"IEEE Global Engineering Education Conference, EDUCON",3
8,Journal of Tourism and Development,3
8,"Millenium: Journal of Education, Technologies, and Health",3
8,Revista Conhecimento Online,3
8,Universal Access in the Information Society,3
8,Acta Scientiarum - Education,2
8,Acta Scientiarum Language and Culture,2
8,Bakhtiniana,2
8,Big Data and Cognitive Computing,2
8,CODAS,2
8,Computer Methods in Biomechanics and Biomedical Engineering: Imaging and Visualization,2
8,E-Revista de Estudos Interculturais,2
8,Educacao e Pesquisa,2
8,Education and Information Technologies,2
8,Education and Training,2
8,Educational Media International,2
8,"Eurasia Journal of Mathematics, Science and Technology Education",2
8,Evolution: Education and Outreach,2
8,Ex Aequo,2
8,Frontiers in Education,2
8,Frontiers in Psychology,2
8,International Conference on Higher Education Advances,2
8,International Symposium on Project Approaches in Engineering Education,2
8,Multilingual Education,2
8,Opus,2
8,Proceedings of the European Conference on Games-based Learning,2
8,"Proceedings of the European Conference on e-Learning, ECEL",2
8,Revista Brasileira de Educacao Especial,2
8,Trends in Mathematics,2
8,Urdimento,2
8,Acta Astronautica,1
8,Administrative Sciences,1
8,"Advances in Science, Technology and Innovation",1
8,Alzheimer's and Dementia,1
8,Ambiente e Sociedade,1
8,Applied Physics A: Materials Science and Processing,1
8,Arbor,1
8,Atalante,1
8,Atmosphere,1
8,Atmospheric Pollution Research,1
8,Bolema - Mathematics Education Bulletin,1
8,Boletim de Estudos Classicos,1
8,Brazilian Archives of Biology and Technology,1
8,Bulletin of the Section of Logic,1
8,CEUR Workshop Proceedings,1
8,Cadernos de Traducao,1
8,Center for Educational Policy Studies Journal,1
8,Circulo de Linguistica Aplicada a la Comunicacion,1
8,Climate Risk Management,1
8,Cogitare Enfermagem,1
8,Computational and Mathematical Organization Theory,1
8,Computer Applications in Engineering Education,1
8,Computers and Education Open,1
8,Current Psychology,1
8,DELTA Documentacao de Estudos em Linguistica Teorica e Aplicada,1
8,Decision Analytics Journal,1
8,Digital Education Review,1
8,Educacion Quimica,1
8,Electronics (Switzerland),1
8,Encontros Bibli,1
8,Ensaio,1
8,Ensenanza de las Ciencias,1
8,"Environment, Development and Sustainability",1
8,Estudos em Comunicacao,1
8,European Journal of Neuroscience,1
8,Frontiers in Communication,1
8,Geosciences (Switzerland),1
8,Healthcare (Switzerland),1
8,Heliyon,1
8,Human Review. International Humanities Review / Revista Internacional de Humanidades,1
8,Informatics,1
8,International Conference on Transparent Optical Networks,1
8,International Electronic Journal of Mathematics Education,1
8,International Journal of Business and Systems Research,1
8,International Journal of Educational Research,1
8,International Journal of Environmental Research and Public Health,1
8,International Journal of Human Resource Management,1
8,International Journal of Innovation Science,1
8,International Journal of Play,1
8,International Journal of Science Education,1
8,"International Journal of Science Education, Part B: Communication and Public Engagement",1
8,"International Journal of Science, Mathematics and Technology Learning",1
8,International Journal of Serious Games,1
8,International Research in Geographical and Environmental Education,1
8,Janus.net,1
8,Journal of Chemical Education,1
8,Journal of Cleaner Production,1
8,Journal of Educational Research,1
8,Journal of Genetic Counseling,1
8,Journal of Innovation and Knowledge,1
8,Journal of Research in Childhood Education,1
8,Journal on Interactive Systems,1
8,Languages,1
8,Lecture Notes in Bioengineering,1
8,Limite,1
8,Lublin Studies in Modern Languages and Literature,1
8,Lusitania Sacra,1
8,Manuscrito,1
8,MethodsX,1
8,Music Perception,1
8,Musica Hodie,1
8,Musicae Scientiae,1
8,Nature Communications,1
8,Nurse Education in Practice,1
8,Nutrients,1
8,Open Education Studies,1
8,Open Research Europe,1
8,Palabra Clave (La Plata),1
8,Per Musi,1
8,Perspectivas em Ciencia da Informacao,1
8,Portuguese Journal of Public Health,1
8,Prisma Social,1
8,"Proceedings of the International Astronautical Congress, IAC",1
8,Production Planning and Control,1
8,Profesional de la Informacion,1
8,Psicologia em Estudo,1
8,Psychological Reports,1
8,Psychological Research,1
8,Psychology of Music,1
8,Quaderns de Filologia: Estudis Linguistics,1
8,"REICE. Revista Iberoamericana Sobre Calidad, Eficacia y Cambio en Educacion",1
8,RIED-Revista Iberoamericana de Educacion a Distancia,1
8,Retos,1
8,Revista Brasileira de Educacao,1
8,Revista Brasileira de Enfermagem,1
8,Revista Brasileira de Ensino de Fisica,1
8,Revista Brasileira de Linguistica Aplicada,1
8,Revista Eureka,1
8,Revista Latino-Americana de Enfermagem,1
8,Revista Portuguesa de Estudos Regionais,1
8,"Revista de la Academia Colombiana de Ciencias Exactas, Fisicas y Naturales",1
8,Robotics,1
8,"Rotura: Journal of Communication, Culture and Arts",1
8,SCHOLE: A Journal of Leisure Studies and Recreation Education,1
8,Science of the Total Environment,1
8,Scientific Data,1
8,Scientific Reports,1
8,Sensors,1
8,"Smart Innovation, Systems and Technologies",1
8,Smart Learning Environments,1
8,Social Sciences,1
8,Social Sciences and Humanities Open,1
8,Sociologia e Antropologia,1
8,Soils and Rocks,1
8,Springer International Handbooks of Education,1
8,Studi Culturali,1
8,Studies in Higher Education,1
8,"Studies in Systems, Decision and Control",1
8,Tejuelo. Didactica de la Lengua y la Literatura. Educacion,1
8,Texto Livre,1
8,Tourism Recreation Research,1
8,Translation Matters,1
8,Updates in Surgery,1
8,Varia Historia,1
8,Veredas,1
8,Visions for Sustainability,1
9,IEEE Access,23
9,"IEEE Vehicular Networking Conference, VNC",13
9,Lecture Notes in Networks and Systems,11
9,Sensors,11
9,Procedia Computer Science,9
9,Electronics (Switzerland),7
9,Physical Review E,7
9,Computer Communications,6
9,Lecture Notes on Data Engineering and Communications Technologies,6
9,"Proceedings - IEEE Global Communications Conference, GLOBECOM",6
9,Vehicular Communications,6
9,IEEE Transactions on Consumer Electronics,5
9,Internet Technology Letters,5
9,Lecture Notes in Computer Science,5
9,Computer Networks,4
9,Conference Record - International Conference on Communications,4
9,Data in Brief,4
9,Wireless Networks,4
9,Communications in Computer and Information Science,3
9,IEEE Communications Standards Magazine,3
9,IEEE Internet of Things Journal,3
9,IEEE Transactions on Industrial Informatics,3
9,IEEE Vehicular Technology Conference,3
9,International Conference on Transparent Optical Networks,3
9,PeerJ Computer Science,3
9,Transportation Research Procedia,3
9,ACM International Conference Proceeding Series,2
9,Ad Hoc Networks,2
9,Applied Sciences (Switzerland),2
9,Computer Science and Information Systems,2
9,Computers and Operations Research,2
9,Frontiers in Computer Science,2
9,IEEE Communications Letters,2
9,IEEE Communications Magazine,2
9,IEEE International Conference on Industrial Informatics (INDIN),2
9,"IEEE International Workshop on Computer Aided Modeling and Design of Communication Links and Networks, CAMAD",2
9,IEEE Open Journal of Intelligent Transportation Systems,2
9,IEEE Transactions on Reliability,2
9,"IEEE Wireless Communications and Networking Conference, WCNC",2
9,IEEE Workshop on Local and Metropolitan Area Networks,2
9,IET Quantum Communication,2
9,Information (Switzerland),2
9,"International Conference on Military Communication and Information Systems, ICMCIS",2
9,"International Conference on Vehicle Technology and Intelligent Transport Systems, VEHITS - Proceedings",2
9,Journal of Network and Computer Applications,2
9,Journal of Physics: Complexity,2
9,Journal of Sensor and Actuator Networks,2
9,Lecture Notes in Electrical Engineering,2
9,"Lecture Notes of the Institute for Computer Sciences, Social-Informatics and Telecommunications Engineering, LNICST",2
9,Mathematics,2
9,Networks,2
9,Neural Computing and Applications,2
9,Proceedings - International Symposium on Computers and Communications,2
9,Scientific Reports,2
9,Sustainability (Switzerland),2
9,Sustainable Cities and Society,2
9,Advances in Computer Vision and Pattern Recognition,1
9,Advances in Intelligent Systems and Computing,1
9,Advances in Space Research,1
9,Animals,1
9,Astronomical Journal,1
9,Atmospheric Environment,1
9,Big Data Research,1
9,Biodiversity Data Journal,1
9,Biomedical Physics and Engineering Express,1
9,Buildings,1
9,CEUR Workshop Proceedings,1
9,CMES - Computer Modeling in Engineering and Sciences,1
9,"Chaos, Solitons and Fractals",1
9,Communications in Statistics Part B: Simulation and Computation,1
9,Concurrency and Computation: Practice and Experience,1
9,Data,1
9,Depositional Record,1
9,Engineering Applications of Artificial Intelligence,1
9,"Engineering Science and Technology, an International Journal",1
9,Entropy,1
9,Expert Systems,1
9,Frontiers in Future Transportation,1
9,IECON Proceedings (Industrial Electronics Conference),1
9,IEEE Communications Surveys and Tutorials,1
9,IEEE Embedded Systems Letters,1
9,IEEE Intelligent Transportation Systems Magazine,1
9,"IEEE International Conference on Emerging Technologies and Factory Automation, ETFA",1
9,IEEE Journal of Biomedical and Health Informatics,1
9,IEEE Microwave Magazine,1
9,IEEE Network,1
9,IEEE Networking Letters,1
9,IEEE Open Journal of the Communications Society,1
9,"IEEE Radio and Wireless Symposium, RWS",1
9,IEEE Transactions on Communications,1
9,IEEE Transactions on Green Communications and Networking,1
9,IEEE Transactions on Intelligent Vehicles,1
9,IEEE Transactions on Mobile Computing,1
9,IEEE Transactions on Network and Service Management,1
9,IEEE Vehicular Technology Magazine,1
9,IEEE Wireless Communications Letters,1
9,IET Networks,1
9,IET Optoelectronics,1
9,IFAC-PapersOnLine,1
9,IFIP Advances in Information and Communication Technology,1
9,IT Professional,1
9,"Iberian Conference on Information Systems and Technologies, CISTI",1
9,Information Systems Frontiers,1
9,Intelligent Data Analysis,1
9,Intelligent Systems Reference Library,1
9,Intelligent Systems with Applications,1
9,"International Conference on Electrical Engineering, Computer Science and Informatics (EECSI)",1
9,International Conference on Embedded Wireless Systems and Networks,1
9,"International Conference on Internet of Things, Big Data and Security, IoTBDS - Proceedings",1
9,International Conference on Wavelet Analysis and Pattern Recognition,1
9,International Journal of Network Management,1
9,Iran Journal of Computer Science,1
9,Journal of Algebraic Combinatorics,1
9,Journal of Big Data,1
9,Journal of Grid Computing,1
9,Journal of High Energy Physics,1
9,Journal of Industrial and Production Engineering,1
9,Journal of Instrumentation,1
9,Journal of Internet Services and Applications,1
9,Journal of Lightwave Technology,1
9,Journal of Logical and Algebraic Methods in Programming,1
9,Journal of Network and Systems Management,1
9,Journal of Pathology Informatics,1
9,Journal of Physics: Conference Series,1
9,Journal of Urban Mobility,1
9,Lecture Notes in Mechanical Engineering,1
9,Linear Algebra and Its Applications,1
9,Mathematical Methods in the Applied Sciences,1
9,Mobile Networks and Applications,1
9,Multimodal Technologies and Interaction,1
9,Network Neuroscience,1
9,Optical Switching and Networking,1
9,Pattern Analysis and Applications,1
9,Pattern Recognition,1
9,Pervasive and Mobile Computing,1
9,Photonics,1
9,"Proceedings - IEEE Consumer Communications and Networking Conference, CCNC",1
9,Proceedings of the Information Visualization Conference,1
9,"Proceedings of the International Astronautical Congress, IAC",1
9,Quality - Access to Success,1
9,Reports on Progress in Physics,1
9,SN Applied Sciences,1
9,SN Computer Science,1
9,Social Network Analysis and Mining,1
9,Springer Proceedings in Mathematics and Statistics,1
9,Springer Series in Design and Innovation,1
9,Telecommunication Systems,1
9,Transactions on Emerging Telecommunications Technologies,1
9,Utilities Policy,1
9,Wireless Personal Communications,1
9,npj Quantum Information,1
